ticker,name,mcap,ivol,div,country,gics_code
TESTA LN Equity,TEST A UK,1.06511E+12,,,GB,
MSFT US Equity,MICROSOFT CORP,8.32481E+11,24.96080017,1.703680992,US,45
AMZN US Equity,AMAZON.COM INC,8.29389E+11,31.30319977,0,US,25
GOOGL US Equity,ALPHABET INC-CL A,7.66717E+11,24.95759964,0,US,50
AAPL US Equity,APPLE INC,7.41728E+11,26.3355999,1.204926014,US,45
BRK/A US Equity,BERKSHIRE HATHAWAY INC-CL A,5.03375E+11,,0,US,40
FB US Equity,FACEBOOK INC-CLASS A,4.31816E+11,30.48189926,0,US,50
JNJ US Equity,JOHNSON & JOHNSON,3.50508E+11,19.46439934,2.376180887,US,35
JPM US Equity,JPMORGAN CHASE & CO,3.47805E+11,21.29800034,2.786314011,US,40
XOM US Equity,EXXON MOBIL CORP,3.09026E+11,19.57049942,3.658536911,US,10
V US Equity,VISA INC-CLASS A SHARES,3.05282E+11,22.53630066,0.666266978,US,45
WMT US Equity,WALMART INC,2.83931E+11,19.15880013,1.913696051,US,30
BAC US Equity,BANK OF AMERICA CORP,2.8331E+11,25.54409981,2.191557884,US,40
NESN SW Equity,NESTLE SA-REG,2.58447E+11,14.53789997,2.804296017,CH,30
UNH US Equity,UNITEDHEALTH GROUP INC,2.5542E+11,22.78019905,1.445086956,US,35
RDSA LN Equity,ROYAL DUTCH SHELL PLC-A SHS,2.53247E+11,18.39990044,5.605328083,NL,10
SPY US Equity,SPDR S&P 500 ETF TRUST,2.48816E+11,16.62709999,,US,
PFE US Equity,PFIZER INC,2.45844E+11,19.08139992,3.533958912,US,35
VZ US Equity,VERIZON COMMUNICATIONS INC,2.35897E+11,18.71310043,4.411487103,US,50
WFC US Equity,WELLS FARGO & CO,2.29111E+11,23.71680069,3.55902791,US,40
PG US Equity,PROCTER & GAMBLE CO/THE,2.27765E+11,18.12770081,3.574173927,US,30
005930 KS Equity,SAMSUNG ELECTRONICS CO LTD,2.25776E+11,22.16480064,1.667974949,KR,45
NOVN SW Equity,NOVARTIS AG-REG,2.25745E+11,17.11680031,3.308348894,CH,35
T US Equity,AT&T INC,2.25327E+11,20.01339912,5.06687212,US,50
INTC US Equity,INTEL CORP,2.24503E+11,27.51790047,2.334271908,US,45
ROG SW Equity,ROCHE HOLDING AG-GENUSSCHEIN,2.22554E+11,17.21809959,3.367140055,CH,35
CVX US Equity,CHEVRON CORP,2.18535E+11,20.8593998,3.450754881,US,10
941 HK Equity,CHINA MOBILE LTD,2.11242E+11,19.97389984,4.137525082,HK,50
MA US Equity,MASTERCARD INC - A,2.08624E+11,25.11059952,0.58139497,US,45
BA US Equity,BOEING CO/THE,2.07125E+11,25.95899963,1.926010966,US,20
7203 JP Equity,TOYOTA MOTOR CORP,2.03419E+11,,3.223443031,JP,25
HD US Equity,HOME DEPOT INC,2.02841E+11,22.05879974,1.717898011,US,25
KO US Equity,COCA-COLA CO/THE,2.02653E+11,15.68369961,3.225805998,US,30
CSCO US Equity,CISCO SYSTEMS INC,2.02453E+11,24.49279976,2.912848949,US,45
MRK US Equity,MERCK & CO. INC.,1.97291E+11,19.24060059,3.358805895,US,35
2330 TT Equity,TAIWAN SEMICONDUCTOR MANUFAC,1.85367E+11,25.44989967,3.48583889,TW,45
ORCL US Equity,ORACLE CORP,1.76826E+11,23.40399933,1.626711965,US,45
HSBA LN Equity,HSBC HOLDINGS PLC,1.68428E+11,20.00429916,4.917293072,GB,40
DIS US Equity,WALT DISNEY CO/THE,1.65525E+11,20.91799927,1.436633945,US,50
CMCSA US Equity,COMCAST CORP-CLASS A,1.64738E+11,24.50849915,1.573034048,US,50
IVV US Equity,ISHARES CORE S&P 500 ETF,1.59716E+11,16.05340004,,US,
PEP US Equity,PEPSICO INC,1.55371E+11,17.65069962,2.64134407,US,30
C US Equity,CITIGROUP INC,1.54148E+11,25.05929947,2.958125114,US,40
ULVR LN Equity,UNILEVER PLC,1.52792E+11,17.99640083,3.089898109,GB,30
UNA NA Equity,UNILEVER NV-CVA,1.52221E+11,16.08200073,3.05398798,GB,30
NFLX US Equity,NETFLIX INC,1.47876E+11,43.88970184,0,US,50
ABI BB Equity,ANHEUSER-BUSCH INBEV SA/NV,1.47767E+11,22.86930084,3.626266003,BE,30
MC FP Equity,LVMH MOET HENNESSY LOUIS VUI,1.4758E+11,25.60009956,2.037489891,FR,25
FP FP Equity,TOTAL SA,1.42069E+11,19.05310059,4.480148792,FR,10
MCD US Equity,MCDONALD'S CORP,1.40745E+11,18.26530075,2.22519207,US,25
BP/ LN Equity,BP PLC,1.36807E+11,21.3621006,5.658513069,GB,10
ABBV US Equity,ABBVIE INC,1.34627E+11,27.05990028,2.719470978,US,35
DWDP US Equity,DOWDUPONT INC,1.33204E+11,25.04610062,2.471215963,US,15
AMGN US Equity,AMGEN INC,1.29916E+11,22.82110023,2.645198107,US,35
SAP GR Equity,SAP SE,1.28231E+11,21.78860092,1.498126984,DE,45
NKE US Equity,NIKE INC -CL B,1.26612E+11,26.22909927,1.086351037,US,25
OR FP Equity,L'OREAL,1.26568E+11,18.37420082,1.919438004,FR,30
ABT US Equity,ABBOTT LABORATORIES,1.25437E+11,22.7446003,1.883651972,US,35
LLY US Equity,ELI LILLY & CO,1.23506E+11,22.86540031,2.510063887,US,35
ADBE US Equity,ADOBE INC,1.20818E+11,30.95050049,0,US,45
MDT US Equity,MEDTRONIC PLC,1.17248E+11,20.75639915,2.263500929,IE,35
CRM US Equity,SALESFORCE.COM INC,1.1667E+11,31.68860054,0,US,45
NOVOB DC Equity,NOVO NORDISK A/S-B,1.16666E+11,23.42110062,2.346786022,DK,35
UNP US Equity,UNION PACIFIC CORP,1.16663E+11,24.55780029,1.84936595,US,20
PM US Equity,PHILIP MORRIS INTERNATIONAL,1.14708E+11,21.8057003,3.994321108,US,30
BHP LN Equity,BHP GROUP PLC,1.14213E+11,28.71680069,2.798885107,AU,15
MMM US Equity,3M CO,1.14047E+11,20.78000069,1.996855974,US,20
BHP AU Equity,BHP GROUP LTD,1.13409E+11,20.90089989,4.706247807,AU,15
IBM US Equity,INTL BUSINESS MACHINES CORP,1.12527E+11,22.45070076,3.845652103,US,45
RY CN Equity,ROYAL BANK OF CANADA,1.07538E+11,15.17749977,3.930358887,CA,40
PYPL US Equity,PAYPAL HOLDINGS INC,1.07339E+11,30.08289909,0,US,45
AVGO US Equity,BROADCOM INC,1.06224E+11,30.68320084,3.170721054,US,45
1299 HK Equity,AIA GROUP LTD,1.05588E+11,25.16500092,1.573927999,HK,40
HON US Equity,HONEYWELL INTERNATIONAL INC,1.0501E+11,19.38680077,1.786646008,US,20
SAN FP Equity,SANOFI,1.04044E+11,18.27669907,4.217119217,FR,35
VTI US Equity,VANGUARD TOTAL STOCK MKT ETF,1.0238E+11,16.54910088,,US,
TD CN Equity,TORONTO-DOMINION BANK,1.00171E+11,16.47369957,3.573873997,CA,40
UTX US Equity,UNITED TECHNOLOGIES CORP,98339463168,22.30060005,2.132163048,US,20
VOO US Equity,VANGUARD S&P 500 ETF,97389035520,16.99430084,,US,
SIE GR Equity,SIEMENS AG-REG,97160880128,18.92289925,3.451407909,DE,20
TMO US Equity,THERMO FISHER SCIENTIFIC INC,96884031488,23.31970024,0.315988988,US,35
ACN US Equity,ACCENTURE PLC-CL A,96048513024,22.24489975,1.573312998,IE,45
GSK LN Equity,GLAXOSMITHKLINE PLC,95794438144,20.9496994,6.049149036,GB,35
NVDA US Equity,NVIDIA CORP,95727296512,42.62670135,0.234249994,US,45
TXN US Equity,TEXAS INSTRUMENTS INC,95497207808,26.85050011,2.029874086,US,45
COST US Equity,COSTCO WHOLESALE CORP,94084358144,21.64340019,0.917943001,US,30
AZN LN Equity,ASTRAZENECA PLC,92420546560,24.1012001,4.042947769,GB,35
CBA AU Equity,COMMONWEALTH BANK OF AUSTRAL,92176441344,15.57740021,5.914642811,AU,40
MO US Equity,ALTRIA GROUP INC,90776690688,21.51939964,3.556925058,US,30
FOXA US Equity,TWENTY-FIRST CENTURY FOX-A,90125328384,21.37350082,0.724492013,US,50
GILD US Equity,GILEAD SCIENCES INC,89492602880,27.07640076,2.903405905,US,35
9437 JP Equity,NTT DOCOMO INC,89360490496,,3.681206942,JP,50
ALV GR Equity,ALLIANZ SE-REG,89063399424,17.04339981,4.177546024,DE,40
LIN US Equity,LINDE PLC,88644395008,25.67449951,,GB,15
UPS US Equity,UNITED PARCEL SERVICE-CL B,87297376256,23.25390053,2.786403894,US,20
DGE LN Equity,DIAGEO PLC,86500712448,18.04829979,2.398971081,GB,30
RIO LN Equity,RIO TINTO PLC,86212747264,27.05509949,5.439715862,GB,15
RIO AU Equity,RIO TINTO LTD,85605818368,22.00900078,4.896765232,GB,15
AXP US Equity,AMERICAN EXPRESS CO,85106556928,22.38949966,1.552664995,US,40
CVS US Equity,CVS HEALTH CORP,84723572736,26.34869957,2.758620977,US,35
ITX SM Equity,INDUSTRIA DE DISENO TEXTIL,84638851072,23.45129967,2.597851992,ES,25
NEE US Equity,NEXTERA ENERGY INC,84161380352,16.60429955,2.516165972,US,55
AIR FP Equity,AIRBUS SE,83329974272,26.90940094,1.807229042,FR,20
VOW GR Equity,VOLKSWAGEN AG,83314909184,27.35639954,2.31179595,DE,25
BMY US Equity,BRISTOL-MYERS SQUIBB CO,81819123712,32.81669998,2.56201005,US,35
BKNG US Equity,BOOKING HOLDINGS INC,81552113664,27.14889908,0,US,25
9432 JP Equity,NIPPON TELEGRAPH & TELEPHONE,81030111232,,3.061223984,JP,50
USB US Equity,US BANCORP,80753762304,19.58169937,2.9321661,US,40
CAT US Equity,CATERPILLAR INC,80608575488,27.53319931,1.973600984,US,20
LMT US Equity,LOCKHEED MARTIN CORP,80455491584,22.36949921,2.323626041,US,20
SBUX US Equity,STARBUCKS CORP,80266821632,22.11260033,2.322308064,US,25
SAN SM Equity,BANCO SANTANDER SA,80128319488,25.16519928,4.015330791,ES,40
9984 JP Equity,SOFTBANK GROUP CORP,79195209728,,0.553458989,JP,50
GE US Equity,GENERAL ELECTRIC CO,78804918272,40.69660187,4.813754082,US,20
DTE GR Equity,DEUTSCHE TELEKOM AG-REG,78660296704,16.41230011,4.393375874,DE,50
GS US Equity,GOLDMAN SACHS GROUP INC,78296932352,25.33469963,1.915593982,US,40
COP US Equity,CONOCOPHILLIPS,78169325568,27.04109955,1.931135058,US,10
LOW US Equity,LOWE'S COS INC,76264857600,26.22500038,1.556650043,US,25
BATS LN Equity,BRITISH AMERICAN TOBACCO PLC,76091572224,33.63550186,3.889996052,GB,30
1306 JP Equity,NOMURA ETF - TOPIX,75797815296,,,JP,
DHR US Equity,DANAHER CORP,75300962304,21.27689934,0.603317976,US,35
EQNR NO Equity,EQUINOR ASA,74936229888,24.89940071,4.160171986,NO,10
MS US Equity,MORGAN STANLEY,74272997376,27.0739994,2.774275064,US,40
CHTR US Equity,CHARTER COMMUNICATIONS INC-A,74227580928,30.7343998,0,US,50
CI US Equity,CIGNA CORP,74186932224,27.40570068,0.019695999,US,35
ENB CN Equity,ENBRIDGE INC,73391063040,18.83370018,4.902359962,CA,10
8306 JP Equity,MITSUBISHI UFJ FINANCIAL GRO,72969773056,,2.725967884,JP,40
AMT US Equity,AMERICAN TOWER CORP,72535138304,19.64189911,1.836405993,US,60
CDI FP Equity,CHRISTIAN DIOR SE,72146690048,,1.641767025,FR,25
BAYN GR Equity,BAYER AG-REG,70044401664,29.90369987,2.692307949,DE,35
ASML NA Equity,ASML HOLDING NV,69396414464,27.85040092,0.964519024,NL,45
ANTM US Equity,ANTHEM INC,68829831168,23.59390068,1.199947,US,35
VEA US Equity,VANGUARD FTSE DEVELOPED ETF,68827389952,13.79319954,,US,
BAS GR Equity,BASF SE,68434448384,19.37260056,3.379115105,DE,15
WBA US Equity,WALGREENS BOOTS ALLIANCE INC,68333703168,25.27099991,2.392065048,US,30
BIIB US Equity,BIOGEN INC,67984257024,30.3185997,0,US,35
BNS CN Equity,BANK OF NOVA SCOTIA,67820032000,14.85280037,4.642603874,CA,40
QCOM US Equity,QUALCOMM INC,66996228096,26.75040054,3.304178953,US,45
BLK US Equity,BLACKROCK INC,66557878272,23.40620041,3.059926033,US,40
CME US Equity,CME GROUP INC,65624068096,20.73220062,4.204040051,US,40
QQQ US Equity,INVESCO QQQ TRUST SERIES 1,65248960512,20.62400055,,US,
BDX US Equity,BECTON DICKINSON AND CO,65228984320,22.41489983,1.14942503,US,35
SCHW US Equity,SCHWAB (CHARLES) CORP,64794726400,25.69079971,0.79460597,US,40
EFA US Equity,ISHARES MSCI EAFE ETF,64439042048,14.43330002,,US,
WBC AU Equity,WESTPAC BANKING CORP,64384630784,16.38710022,6.731112957,AU,40
4502 JP Equity,TAKEDA PHARMACEUTICAL CO LTD,63501844480,,3.472892046,JP,35
CSL AU Equity,CSL LTD,63211204608,23.29150009,1.207667947,AU,35
6758 JP Equity,SONY CORP,63169327104,,0.534395993,JP,25
MDLZ US Equity,MONDELEZ INTERNATIONAL INC-A,63038304256,19.59950066,1.915887952,US,30
9434 JP Equity,SOFTBANK CORP,62821703680,,,JP,50
SYK US Equity,STRYKER CORP,62695079936,20.70019913,1.09790802,US,35
9433 JP Equity,KDDI CORP,62321811456,,3.313086987,JP,50
ISRG US Equity,INTUITIVE SURGICAL INC,61959352320,30.57740021,0,US,35
SLB US Equity,SCHLUMBERGER LTD,61861588992,27.5102005,5.543237209,US,10
DAI GR Equity,DAIMLER AG-REGISTERED SHARES,61728165888,24.46229935,5.155366898,DE,25
CB US Equity,CHUBB LTD,61558988800,17.92670059,1.929788947,CH,40
DUK US Equity,DUKE ENERGY CORP,61032800256,15.71940041,4.149328232,US,55
CNR CN Equity,CANADIAN NATL RAILWAY CO,60888588288,19.75489998,1.591896057,CA,20
TJX US Equity,TJX COMPANIES INC,60836917248,23.74559975,1.592965007,US,25
6861 JP Equity,KEYENCE CORP,60785242112,,0.155063003,JP,45
VMW US Equity,VMWARE INC-CLASS A,60524515328,31.40620041,0,US,45
CELG US Equity,CELGENE CORP,60409597952,28.38599968,0,US,35
RMS FP Equity,HERMES INTERNATIONAL,60120735744,21.8817997,0.918767989,FR,25
EPD US Equity,ENTERPRISE PRODUCTS PARTNERS,60066844672,19.67300034,6.41267395,US,10
BNP FP Equity,BNP PARIBAS,60045746176,23.3878994,4.851406097,FR,40
ENI IM Equity,ENI SPA,60041637888,17.54829979,5.797101021,IT,10
ENEL IM Equity,ENEL SPA,59884380160,18.45890045,4.61988306,IT,55
KER FP Equity,KERING,59221442560,31.2276001,1.52671802,FR,25
ADP US Equity,AUTOMATIC DATA PROCESSING,59172679680,22.91329956,1.878633976,US,45
VWO US Equity,VANGUARD FTSE EMERGING MARKE,58682769408,19.74419975,,US,
EOG US Equity,EOG RESOURCES INC,58599202816,30.86300087,0.620887995,US,10
KHC US Equity,KRAFT HEINZ CO/THE,57959735296,22.78960037,3.150719881,US,30
PNC US Equity,PNC FINANCIAL SERVICES GROUP,57239248896,22.42230034,2.908220053,US,40
AGG US Equity,ISHARES CORE U.S. AGGREGATE,57056772096,4.277800083,,US,
CSX US Equity,CSX CORP,56880156672,25.39649963,1.416385055,US,20
TMUS US Equity,T-MOBILE US INC,56808394752,26.65810013,0,US,50
CS FP Equity,AXA SA,56420200448,17.50860023,5.093996048,FR,40
6178 JP Equity,JAPAN POST HOLDINGS CO LTD,55637860352,12.9236002,4.449648857,JP,40
INTU US Equity,INTUIT INC,55506808832,27.22039986,0.763806999,US,45
IEFA US Equity,ISHARES CORE MSCI EAFE ETF,54960439296,13.50409985,,US,
RB/ LN Equity,RECKITT BENCKISER GROUP PLC,54900727808,23.21360016,2.374620914,GB,30
IEMG US Equity,ISHARES CORE MSCI EMERGING,54681862144,19.59930038,,US,
GM US Equity,GENERAL MOTORS CO,54494294016,27.79030037,3.708221912,US,25
SAF FP Equity,SAFRAN SA,54493470720,27.66819954,1.862414002,FR,20
EL FP Equity,ESSILORLUXOTTICA,54435581952,20.9083004,1.331012964,FR,25
CL US Equity,COLGATE-PALMOLIVE CO,54320246784,20.71500015,2.107356071,US,30
AGN US Equity,ALLERGAN PLC,54039953408,27.17410088,1.711701035,US,35
BMW GR Equity,BAYERISCHE MOTOREN WERKE AG,53924982784,22.06040001,4.606702805,DE,25
SPG US Equity,SIMON PROPERTY GROUP INC,53806596096,19.64349937,4.163269997,US,60
7267 JP Equity,HONDA MOTOR CO LTD,53721653248,,2.732239962,JP,25
ANZ AU Equity,AUST AND NZ BANKING GROUP,53565886464,16.54269981,5.677785873,AU,40
GLEN LN Equity,GLENCORE PLC,53487370240,35.73540115,3.791929007,CH,15
LLOY LN Equity,LLOYDS BANKING GROUP PLC,53380808704,27.47660065,4.481339931,GB,40
DE US Equity,DEERE & CO,52655554560,27.87560081,1.939849973,US,20
BSX US Equity,BOSTON SCIENTIFIC CORP,52155453440,26.8852005,0,US,35
TSLA US Equity,TESLA INC,51907948544,55.73120117,0,US,25
UBSG SW Equity,UBS GROUP AG-REG,51851505664,22.7887001,3.623188019,CH,40
7182 JP Equity,JAPAN POST BANK CO LTD,51769548800,,3.501400948,JP,40
SU CN Equity,SUNCOR ENERGY INC,51717705728,24.80130005,2.7735641,CA,10
D US Equity,DOMINION ENERGY INC,51707179008,16.78280067,3.74413991,US,55
1321 JP Equity,NOMURA ETF - NIKKEI 225,51686281216,18.40870094,,JP,
VOD LN Equity,VODAFONE GROUP PLC,51545120768,22.52020073,6.803799152,GB,50
AI FP Equity,AIR LIQUIDE SA,51285770240,17.65200043,2.522608042,FR,15
IBE SM Equity,IBERDROLA SA,50937651200,17.02869987,4.907121181,ES,55
DG FP Equity,VINCI SA,50722947072,19.59329987,2.87727499,FR,20
8316 JP Equity,SUMITOMO MITSUI FINANCIAL GR,50613923840,,3.813369036,JP,40
OXY US Equity,OCCIDENTAL PETROLEUM CORP,50609389568,23.97800064,4.154222012,US,10
BK US Equity,BANK OF NEW YORK MELLON CORP,50576031744,22.71590042,0.594859004,US,40
PRU LN Equity,PRUDENTIAL PLC,50404372480,24.61009979,2.466543913,GB,40
2914 JP Equity,JAPAN TOBACCO INC,50352082944,,3.855686903,JP,30
GD US Equity,GENERAL DYNAMICS CORP,49924927488,21.58909988,1.651510954,US,20
9983 JP Equity,FAST RETAILING CO LTD,49782353920,,0.849256992,JP,25
VRTX US Equity,VERTEX PHARMACEUTICALS INC,49757151232,31.69860077,0,US,35
HEIA NA Equity,HEINEKEN NV,49694834688,19.45190048,1.691015959,NL,30
NAB AU Equity,NATIONAL AUSTRALIA BANK LTD,49315987456,16.31679916,7.119740963,AU,40
JM SP Equity,JARDINE MATHESON HLDGS LTD,49050935296,,2.633744955,HK,20
BN FP Equity,DANONE,48972713984,16.83200073,2.430306911,FR,30
EDF FP Equity,EDF,48225869824,26.54520035,4.414587021,FR,55
SO US Equity,SOUTHERN CO/THE,47887507456,16.22710037,4.782699108,US,55
ZURN SW Equity,ZURICH INSURANCE GROUP AG,47744622592,15.08300018,6.001924992,CH,40
SPGI US Equity,S&P GLOBAL INC,47329775616,20.30349922,0.968123019,US,40
RTN US Equity,RAYTHEON COMPANY,47071883264,21.97200012,1.698163033,US,20
ADS GR Equity,ADIDAS AG,46960627712,25.54859924,1.555488944,DE,25
DBS SP Equity,DBS GROUP HOLDINGS LTD,46913118208,,3.742455006,SG,40
ILMN US Equity,ILLUMINA INC,46569066496,38.30369949,0,US,35
NOC US Equity,NORTHROP GRUMMAN CORP,46486675456,23.85610008,1.270730972,US,20
BMO CN Equity,BANK OF MONTREAL,46348644352,15.6487999,3.840292931,CA,40
HCA US Equity,HCA HEALTHCARE INC,46303354880,27.10210037,0,US,35
EL US Equity,ESTEE LAUDER COMPANIES-CL A,46278213632,26.20070076,1.037214041,US,30
FDX US Equity,FEDEX CORP,46181228544,26.60589981,0.802825987,US,20
NSC US Equity,NORFOLK SOUTHERN CORP,46040248320,24.90640068,1.683920026,US,20
8058 JP Equity,MITSUBISHI CORP,45921013760,,3.843466043,JP,20
INGA NA Equity,ING GROEP NV,45917302784,24.41580009,4.37194109,NL,40
16 HK Equity,SUN HUNG KAI PROPERTIES,45858951168,21.63529968,3.927365065,HK,60
MPC US Equity,MARATHON PETROLEUM CORP,45658509312,29.57180023,2.303728104,US,10
IJH US Equity,ISHARES CORE S&P MIDCAP ETF,45525803008,16.23539925,,US,
TEF SM Equity,TELEFONICA SA,45432209408,19.32080078,4.923077106,ES,50
ITW US Equity,ILLINOIS TOOL WORKS,45347311616,21.60540009,1.714113951,US,20
REGN US Equity,REGENERON PHARMACEUTICALS,45332963328,31.19560051,0,US,35
LVS US Equity,LAS VEGAS SANDS CORP,45211082752,30.85569954,4.202043056,US,25
VTV US Equity,VANGUARD VALUE ETF,45030469632,15.76399994,,US,
MET US Equity,METLIFE INC,44713639936,24.35899925,3.16455698,US,40
CCI US Equity,CROWN CASTLE INTL CORP,44642054144,20.46450043,3.513196945,US,60
ECL US Equity,ECOLAB INC,44630888448,18.43390083,1.132807016,US,15
EXC US Equity,EXELON CORP,44508979200,17.08679962,3.324028969,US,55
6098 JP Equity,RECRUIT HOLDINGS CO LTD,44504408064,,0.869729996,JP,20
MRK GR Equity,MERCK KGAA,44424110080,20.23250008,1.392758012,DE,35
267 HK Equity,CITIC LTD,44192997376,22.49489975,3.1916399,HK,20
PSX US Equity,PHILLIPS 66,43945242624,24.45859909,2.698961973,US,10
7974 JP Equity,NINTENDO CO LTD,43712045056,,1.259070039,JP,50
9022 JP Equity,CENTRAL JAPAN RAILWAY CO,43696115712,,0.695478976,JP,20
000660 KS Equity,SK HYNIX INC,43150995456,35.02830124,1.307189941,KR,45
ICE US Equity,INTERCONTINENTAL EXCHANGE IN,43077636096,21.26230049,1.133787036,US,40
11 HK Equity,HANG SENG BANK LTD,42591522816,19.79910088,3.453608036,HK,40
REL LN Equity,RELX PLC,42540945408,15.70890045,2.265670061,GB,20
MMC US Equity,MARSH & MCLENNAN COS,42341703680,15.68270016,1.756973028,US,40
ABBN SW Equity,ABB LTD-REG,41987641344,19.70409966,2.832833052,CH,20
IWM US Equity,ISHARES RUSSELL 2000 ETF,41863819264,18.36879921,,US,
RI FP Equity,PERNOD RICARD SA,41813315584,20.1487999,1.686918974,FR,30
BAM/A CN Equity,BROOKFIELD ASSET MANAGE-CL A,41657085952,16.22839928,1.304895997,CA,40
IJR US Equity,ISHARES CORE S&P SMALL-CAP E,41594888192,18.53660011,,US,
HEN3 GR Equity,HENKEL AG & CO KGAA VORZUG,41587462144,19.07999992,1.603986979,DE,30
8411 JP Equity,MIZUHO FINANCIAL GROUP INC,41217822720,,3.91849494,JP,40
JS SP Equity,JARDINE STRATEGIC HLDGS LTD,40839081984,,0.808489025,HK,20
LNA GR Equity,LINDE AG,40830488576,,2.149945021,DE,15
PLD US Equity,PROLOGIS INC,40729591808,19.7595005,2.728259087,US,60
ZTS US Equity,ZOETIS INC,40641339392,24.41449928,0.612160027,US,35
ORA FP Equity,ORANGE,40636383232,18.29380035,4.490500927,FR,50
IWF US Equity,ISHARES RUSSELL 1000 GROWTH,40631406592,21.0041008,,US,
ISP IM Equity,INTESA SANPAOLO,40549855232,29.96019936,7.328519821,IT,40
HUM US Equity,HUMANA INC,40546955264,24.37120056,0.644979,US,35
BX US Equity,BLACKSTONE GROUP LP/THE,40545427456,25.92379951,7.245471954,US,40
2388 HK Equity,BOC HONG KONG HOLDINGS LTD,40491442176,21,3.290404081,HK,40
KMB US Equity,KIMBERLY-CLARK CORP,40472186880,20.72830009,3.215646982,US,30
WM US Equity,WASTE MANAGEMENT INC,40277004288,14.69639969,1.969872952,US,20
COF US Equity,CAPITAL ONE FINANCIAL CORP,40246591488,24.84390068,1.606747985,US,40
MU US Equity,MICRON TECHNOLOGY INC,40088633344,44.80350113,0,US,45
CFR SW Equity,CIE FINANCIERE RICHEMONT-REG,39898816512,22.64949989,2.294857979,CH,25
SHL GR Equity,SIEMENS HEALTHINEERS AG,39866580992,23.05699921,1.853077054,DE,35
KMI US Equity,KINDER MORGAN INC,39748399104,23.91150093,5.20156002,US,10
SU FP Equity,SCHNEIDER ELECTRIC SE,39719165952,22.58989906,2.878916025,FR,20
EMR US Equity,EMERSON ELECTRIC CO,39680401408,23.08169937,2.533298969,US,20
BBVA SM Equity,BANCO BILBAO VIZCAYA ARGENTA,39427047424,24.91259956,3.374577999,ES,40
CTSH US Equity,COGNIZANT TECH SOLUTIONS-A,39269679104,26.42180061,0.633624017,US,45
AABA US Equity,ALTABA INC,39140048896,29.67499924,,US,25
1 HK Equity,CK HUTCHISON HOLDINGS LTD,39071563776,21.2031002,2.905199051,HK,20
AIG US Equity,AMERICAN INTERNATIONAL GROUP,39066075136,26.95070076,2.148371935,US,40
388 HK Equity,HONG KONG EXCHANGES & CLEAR,38731599872,21.89080048,2.251877069,HK,40
IWD US Equity,ISHARES RUSSELL 1000 VALUE E,38599852032,14.59309959,,US,
NSU GR Equity,AUDI AG,38387769344,,,DE,25
688 HK Equity,CHINA OVERSEAS LAND & INVEST,38189760512,31.78849983,3.180915117,HK,60
ET US Equity,ENERGY TRANSFER LP,38131159040,36.73070145,6.778678894,US,10
PRU US Equity,PRUDENTIAL FINANCIAL INC,38103379968,23.94249916,2.609148979,US,40
3382 JP Equity,SEVEN & I HOLDINGS CO LTD,38092279808,,2.017484903,JP,30
ENGI FP Equity,ENGIE,37977133056,20.82579994,4.883152962,FR,55
CCL LN Equity,CARNIVAL PLC,37923524608,23.33499908,3.358076096,US,25
TRP CN Equity,TRANSCANADA CORP,37849837568,17.08270073,4.086303234,CA,10
CCL US Equity,CARNIVAL CORP,37830352896,25.48579979,3.234366894,US,25
7751 JP Equity,CANON INC,37713735680,,3.809524059,JP,45
RBS LN Equity,ROYAL BANK OF SCOTLAND GROUP,37678391296,30.98749924,0,GB,40
BBT US Equity,BB&T CORP,37624340480,20.59280014,3.601108074,US,40
BAX US Equity,BAXTER INTERNATIONAL INC,37585117184,22.37129974,0.943687975,US,35
PGR US Equity,PROGRESSIVE CORP,37569744896,25.40550041,1.996981978,US,40
AEP US Equity,AMERICAN ELECTRIC POWER,37520650240,16.08449936,3.24860692,US,55
WDAY US Equity,WORKDAY INC-CLASS A,37513441280,36.85710144,0,US,45
BCE CN Equity,BCE INC,37458190336,12.70470047,4.753230095,CA,50
SHW US Equity,SHERWIN-WILLIAMS CO/THE,37312897024,23.58160019,0.829186976,US,15
MAR US Equity,MARRIOTT INTERNATIONAL -CL A,37200261120,28.84320068,0.950416028,US,25
AON US Equity,AON PLC,37188739072,18.64909935,1.052238941,GB,40
ATVI US Equity,ACTIVISION BLIZZARD INC,37122416640,37.08720016,0.473784,US,50
KDP US Equity,KEURIG DR PEPPER INC,37047607296,24.48349953,2.390274048,US,30
TGT US Equity,TARGET CORP,36883197952,27.3302002,3.372173071,US,25
4661 JP Equity,ORIENTAL LAND CO LTD,36818014208,,0.368155003,JP,25
NDA SS Equity,NORDEA BANK ABP,36791218176,23.11860085,6.73375988,FI,40
BND US Equity,VANGUARD TOTAL BOND MARKET,36735336448,4.592899799,,US,
OCBC SP Equity,OVERSEA-CHINESE BANKING CORP,36639485952,,2.986279011,SG,40
BARC LN Equity,BARCLAYS PLC,36551602176,34.8606987,1.477105021,GB,40
6902 JP Equity,DENSO CORP,36511358976,,2.23367691,JP,25
ST SP Equity,SINGAPORE TELECOMMUNICATIONS,36492423168,,5.192877769,SG,50
CM CN Equity,CAN IMPERIAL BK OF COMMERCE,36421853184,16.98539925,4.679802895,CA,40
AFL US Equity,AFLAC INC,36313026560,19.11429977,1.982228041,US,40
1305 JP Equity,DAIWA ETF - TOPIX,36026773504,,,JP,
DPW GR Equity,DEUTSCHE POST AG-REG,36009439232,21.32830048,2.893081903,DE,20
PSA US Equity,PUBLIC STORAGE,35418660864,21.33679962,3.827750921,US,60
7201 JP Equity,NISSAN MOTOR CO LTD,35413864448,,4.800724983,JP,25
EW US Equity,EDWARDS LIFESCIENCES CORP,35205988352,30.55990028,0,US,35
NG/ LN Equity,NATIONAL GRID PLC,35158380544,24.36240005,5.55846405,GB,55
8766 JP Equity,TOKIO MARINE HOLDINGS INC,35132682240,,3.379091978,JP,40
VUG US Equity,VANGUARD GROWTH ETF,35049119744,18.02659988,,US,
VLO US Equity,VALERO ENERGY CORP,35043618816,28.78829956,3.046458006,US,10
9020 JP Equity,EAST JAPAN RAILWAY CO,35004731392,,1.419589996,JP,20
APD US Equity,AIR PRODUCTS & CHEMICALS INC,34824884224,20.4708004,2.544147968,US,15
FIS US Equity,FIDELITY NATIONAL INFO SERV,34661359616,22.3927002,1.232861996,US,45
6954 JP Equity,FANUC CORP,34659872768,,2.089020967,JP,20
6594 JP Equity,NIDEC CORP,34571960320,,0.579621971,JP,20
6505 TT Equity,FORMOSA PETROCHEMICAL CORP,34510995456,,5.454545021,TW,10
ROST US Equity,ROSS STORES INC,34468466688,25.93449974,0.809306979,US,25
AMAT US Equity,APPLIED MATERIALS INC,34231824384,35.36920166,1.854140997,US,45
NOKIA FH Equity,NOKIA OYJ,34208581632,28.80069923,4.879301071,FI,45
F US Equity,FORD MOTOR CO,34130411520,31.12109947,5.204163074,US,25
4452 JP Equity,KAO CORP,34117384192,,1.443758965,JP,30
NOW US Equity,SERVICENOW INC,34083137536,35.25699997,0,US,45
INVEB SS Equity,INVESTOR AB-B SHS,34077884416,17.38129997,3.207698107,SE,40
762 HK Equity,CHINA UNICOM HONG KONG LTD,33887860736,27.15049934,0.591232002,HK,50
4519 JP Equity,CHUGAI PHARMACEUTICAL CO LTD,33883131904,,1.074522972,JP,35
ADI US Equity,ANALOG DEVICES INC,33817776128,27.46809959,2.16792798,US,45
1308 JP Equity,NIKKO ETF - TOPIX,33808642048,,,JP,
HPQ US Equity,HP INC,33788506112,28.75200081,2.319801092,US,45
4063 JP Equity,SHIN-ETSU CHEMICAL CO LTD,33751015424,,1.272148967,JP,15
LYB US Equity,LYONDELLBASELL INDU-CL A,33708165120,26.26189995,3.217911959,US,15
CPG LN Equity,COMPASS GROUP PLC,33342603264,18.7541008,2.209847927,GB,25
GLD US Equity,SPDR GOLD SHARES,33328906240,11.72550011,,US,
DSY FP Equity,DASSAULT SYSTEMES SA,33302788096,32.06340027,0.654700994,FR,45
ACA FP Equity,CREDIT AGRICOLE SA,33299292160,23.88299942,4.565217018,FR,40
66 HK Equity,MTR CORP,33215381504,16.07029915,2.44541502,HK,20
MUV2 GR Equity,MUENCHENER RUECKVER AG-REG,33102946304,16.11800003,4.757953167,DE,40
DAL US Equity,DELTA AIR LINES INC,32985116672,28.38559914,2.715430975,US,20
CNQ CN Equity,CANADIAN NATURAL RESOURCES,32964476928,30.09910011,2.448797941,CA,10
3 HK Equity,HONG KONG & CHINA GAS,32904769536,13.49090004,2.284595013,HK,55
TRV US Equity,TRAVELERS COS INC/THE,32837847040,20.17700005,2.086405039,US,40
PHIA NA Equity,KONINKLIJKE PHILIPS NV,32837335040,22.90340042,2.536462069,NL,35
VFC US Equity,VF CORP,32673038336,26.22699928,2.324323893,US,25
SYY US Equity,SYSCO CORP,32580288512,19.99559975,2.064723969,US,30
SREN SW Equity,SWISS RE AG,32372279296,17.0673008,5.334794998,CH,40
UOB SP Equity,UNITED OVERSEAS BANK LTD,32363956224,,3.024574995,SG,40
VIV FP Equity,VIVENDI,32283588608,27.45549965,1.784121037,FR,50
AMS SM Equity,AMADEUS IT GROUP SA,32147742720,23.44519997,1.888205051,ES,45
WMB US Equity,WILLIAMS COS INC,31958308864,24.03300095,3.935717106,US,10
2317 TT Equity,HON HAI PRECISION INDUSTRY,31927701504,21.42370033,2.100840092,TW,45
6367 JP Equity,DAIKIN INDUSTRIES LTD,31737260032,,1.193011999,JP,20
EEM US Equity,ISHARES MSCI EMERGING MARKET,31673565184,20.62989998,,US,
NTR CN Equity,NUTRIEN LTD,31672576000,20.54299927,,CA,15
MFC CN Equity,MANULIFE FINANCIAL CORP,31599046656,22.11499977,3.127383947,CA,40
LQD US Equity,ISHARES IBOXX INVESTMENT GRA,31510919168,5.632999897,,US,
CSGN SW Equity,CREDIT SUISSE GROUP AG-REG,31223351296,24.92550087,1.436782002,CH,40
STZ US Equity,CONSTELLATION BRANDS INC-A,31173158912,25.99860001,0.96528703,US,30
ETN US Equity,EATON CORP PLC,31148457984,22.08119965,3.037590027,US,20
DELL US Equity,DELL TECHNOLOGIES -C,31144140800,37.24670029,,US,45
AMTD US Equity,TD AMERITRADE HOLDING CORP,31070464000,26.30599976,1.590005994,US,40
ADSK US Equity,AUTODESK INC,31040122880,38.34870148,0,US,45
RHT US Equity,RED HAT INC,31023228928,14.78730011,0,US,45
FISV US Equity,FISERV INC,31008995328,21.41419983,0,US,45
SRE US Equity,SEMPRA ENERGY,30833297408,20.42379951,3.077066898,US,55
VIG US Equity,VANGUARD DIVIDEND APPREC ETF,30792931328,15.48600006,,US,
IMB LN Equity,IMPERIAL BRANDS PLC,30772842496,21.79360008,4.579933167,GB,30
MNST US Equity,MONSTER BEVERAGE CORP,30733709312,28.85639954,0,US,30
6501 JP Equity,HITACHI LTD,30720229376,,1.946030021,JP,45
ATCOA SS Equity,ATLAS COPCO AB-A SHS,30605828096,26.45809937,1.976284981,SE,20
BT/A LN Equity,BT GROUP PLC,30542893056,25.69589996,6.769230843,GB,50
MCO US Equity,MOODY'S CORP,30541039616,23.00149918,0.772305012,US,40
CON GR Equity,CONTINENTAL AG,30406277120,26.65589905,1.999555945,DE,25
AAL LN Equity,ANGLO AMERICAN PLC,30342090752,34.64920044,4.867471218,GB,15
CSPX LN Equity,ISHARES CORE S&P 500,30310201344,17.67110062,,IE,
AD NA Equity,KONINKLIJKE AHOLD DELHAIZE N,30183458816,18.28790092,3.436050892,NL,30
ATD/B CN Equity,ALIMENTATION COUCHE-TARD -B,30167050240,20.78129959,0.838648975,CA,30
EQIX US Equity,EQUINIX INC,30119907328,26.60849953,1.765146971,US,60
SQ US Equity,SQUARE INC - A,29871067136,47.24869919,0,US,45
JCI US Equity,JOHNSON CONTROLS INTERNATION,29858863104,25.60160065,2.97142911,US,20
EBAY US Equity,EBAY INC,29847644160,28.47920036,0,US,25
DG US Equity,DOLLAR GENERAL CORP,29845258240,26.01549911,1.045856953,US,25
1113 HK Equity,CK ASSET HOLDINGS LTD,29749047296,21.2397995,2.489018917,HK,60
5108 JP Equity,BRIDGESTONE CORP,29723250688,,2.863687992,JP,25
ALL US Equity,ALLSTATE CORP,29518702592,19.60510063,1.413427949,US,40
VNQ US Equity,VANGUARD REAL ESTATE ETF,29259902976,14.82429981,,US,
6981 JP Equity,MURATA MANUFACTURING CO LTD,29222451200,,1.784489036,JP,45
VOLVB SS Equity,VOLVO AB-B SHS,29207996416,25.00040054,2.783235073,SE,20
ROP US Equity,ROPER TECHNOLOGIES INC,29171638272,22.4605999,0.564671993,US,20
2 HK Equity,CLP HOLDINGS LTD,29043363840,17.63120079,3.639775038,HK,55
LUV US Equity,SOUTHWEST AIRLINES CO,28998150144,26.98749924,0.725745022,US,20
8001 JP Equity,ITOCHU CORP,28929488896,,3.38737011,JP,20
YUM US Equity,YUM! BRANDS INC,28844195840,19.23570061,1.102805972,US,25
DNB NO Equity,DNB ASA,28835989504,21.65250015,4.667982101,NO,40
LUX IM Equity,LUXOTTICA GROUP SPA,28744568832,,1.974585056,IT,25
TEL NO Equity,TELENOR ASA,28705992704,20.95960045,4.604888916,NO,50
8031 JP Equity,MITSUI & CO LTD,28664651776,,3.84087801,JP,20
MQG AU Equity,MACQUARIE GROUP LTD,28559552512,22.49220085,4.713314056,AU,40
LHN SW Equity,LAFARGEHOLCIM LTD-REG,28432709632,23.39830017,3.639672041,CH,15
KBC BB Equity,KBC GROUP NV,28341270528,23.42569923,4.218815804,BE,40
HAL US Equity,HALLIBURTON CO,28252491776,30.67420006,1.473297,US,10
ORSTED DC Equity,ORSTED A/S,28225339392,23.53310013,2.657218933,DK,55
4503 JP Equity,ASTELLAS PHARMA INC,28217233408,,2.230483055,JP,35
ERICB SS Equity,ERICSSON LM-B SHS,28169240576,29.35569954,1.857010007,SE,45
ORLY US Equity,O'REILLY AUTOMOTIVE INC,28156678144,27.85860062,0,US,25
WOW AU Equity,WOOLWORTHS GROUP LTD,28077737984,15.5340004,3.10413909,AU,30
CP CN Equity,CANADIAN PACIFIC RAILWAY LTD,28073035776,24.22699928,0.952494979,CA,20
TSCO LN Equity,TESCO PLC,27953704960,22.3701992,1.460564971,GB,30
EA US Equity,ELECTRONIC ARTS INC,27952947200,33.83869934,0,US,50
RCI/B CN Equity,ROGERS COMMUNICATIONS INC-B,27929954304,14.46090031,2.997658014,CA,50
27 HK Equity,GALAXY ENTERTAINMENT GROUP L,27778070528,39.63499832,0,HK,25
TEL US Equity,TE CONNECTIVITY LTD,27558113280,22.8470993,1.910611033,CH,45
WELL US Equity,WELLTOWER INC,27437068288,19.47610092,5.457110882,US,60
MAERSKB DC Equity,AP MOLLER-MAERSK A/S-B,27380975616,31.36770058,1.370967031,DK,20
G IM Equity,ASSICURAZIONI GENERALI,27367919616,17.72750092,5.592104912,IT,40
FRE GR Equity,FRESENIUS SE & CO KGAA,27279421440,30.30120087,1.152605057,DE,35
STI US Equity,SUNTRUST BANKS INC,27135039488,24.77459908,3.568595886,US,40
STT US Equity,STATE STREET CORP,27090200576,27.40239906,2.822261095,US,40
MPLX US Equity,MPLX LP,27086092288,23.12509918,6.477304935,US,10
1109 HK Equity,CHINA RESOURCES LAND LTD,26985650176,38.52799988,4.204347134,HK,60
UCG IM Equity,UNICREDIT SPA,26936291328,32.9518013,2.053915024,IT,40
SWEDA SS Equity,SWEDBANK AB - A SHARES,26841372672,19.14179993,6.670034885,SE,40
STAN LN Equity,STANDARD CHARTERED PLC,26768029696,25.74130058,1.042647004,GB,40
2412 TT Equity,CHUNGHWA TELECOM CO LTD,26723856384,9.261899948,4.524528027,TW,50
7269 JP Equity,SUZUKI MOTOR CORP,26660800512,,1.291448951,JP,25
6503 JP Equity,MITSUBISHI ELECTRIC CORP,26587205632,,2.350867033,JP,20
NTGY SM Equity,NATURGY ENERGY GROUP SA,26539212800,15.45259953,5.194805145,ES,55
KNEBV FH Equity,KONE OYJ-B,26529492992,24.03380013,3.684680939,FI,20
SIRI US Equity,SIRIUS XM HOLDINGS INC,26479960064,31.06480026,0.764925003,US,50
WES AU Equity,WESFARMERS LTD,26452430848,17.02409935,4.517827988,AU,25
QSR CN Equity,RESTAURANT BRANDS INTERN,26265309184,23.2343998,1.26453495,CA,25
PEG US Equity,PUBLIC SERVICE ENTERPRISE GP,26253058048,16.63050079,3.33980608,US,55
WP US Equity,WORLDPAY INC-CLASS A,26179624960,28.2840004,0,US,45
ALXN US Equity,ALEXION PHARMACEUTICALS INC,26113460224,38.47579956,0,US,35
CNC US Equity,CENTENE CORP,26107017216,29.64900017,0,US,35
XEL US Equity,XCEL ENERGY INC,26060984320,16.625,2.993140936,US,55
FCAU US Equity,FIAT CHRYSLER AUTOMOBILES NV,26019362816,35.32279968,0,GB,25
OKE US Equity,ONEOK INC,25993930752,23.34189987,5.088868141,US,10
GLE FP Equity,SOCIETE GENERALE SA,25946071040,25.01160049,5.110336781,FR,40
GIS US Equity,GENERAL MILLS INC,25940674560,21.77820015,4.596622944,US,30
SAMPO FH Equity,SAMPO OYJ-A SHS,25855205376,22.91410065,5.676856041,FI,40
EQR US Equity,EQUITY RESIDENTIAL,25835057152,17.73279953,3.1597929,US,60
REP SM Equity,REPSOL SA,25675282432,22.58959961,10.30179691,ES,10
AVB US Equity,AVALONBAY COMMUNITIES INC,25445392384,16.89010048,3.183677912,US,60
ELE SM Equity,ENDESA SA,25349345280,16.71629906,7.740128994,ES,55
TRI CN Equity,THOMSON REUTERS CORP,25340526592,15.98120022,3.155184984,CA,20
TWTR US Equity,TWITTER INC,25326796800,47.64509964,0,US,50
PPG US Equity,PPG INDUSTRIES INC,25291057152,23.76339912,1.819427013,US,15
SCMN SW Equity,SWISSCOM AG-REG,25244297216,15.28390026,4.24300909,CH,50
IGY GR Equity,INNOGY SE,25242173440,,4.896709919,DE,55
BEI GR Equity,BEIERSDORF AG,25193226240,17.6473999,0.715014994,DE,30
IQV US Equity,IQVIA HOLDINGS INC,25189498880,24.79809952,0,US,35
PAYX US Equity,PAYCHEX INC,25100472320,19.32430077,3.141201973,US,45
VNA GR Equity,VONOVIA SE,25049589760,18.96050072,3.189176083,DE,60
CXO US Equity,CONCHO RESOURCES INC,25005242368,34.97800064,0,US,10
BHGE US Equity,BAKER HUGHES A GE CO,24962721792,33.34840012,56.41592789,US,10
ED US Equity,CONSOLIDATED EDISON INC,24874379264,16.59530067,3.248970032,US,55
APH US Equity,AMPHENOL CORP-CL A,24856475648,21.5442009,0.79726702,US,45
TLS AU Equity,TELSTRA CORP LTD,24839200768,21.50230026,5.725191116,AU,50
ADM US Equity,ARCHER-DANIELS-MIDLAND CO,24814120960,22.4008007,3.193613052,US,30
1330 JP Equity,NIKKO ETF - NKY 225,24784089088,,,JP,
DB1 GR Equity,DEUTSCHE BOERSE AG,24752488448,20.2031002,2.530992031,DE,40
RSG US Equity,REPUBLIC SERVICES INC,24751751168,15.06499958,1.967164993,US,20
S US Equity,SPRINT CORP,24750891008,38.76850128,0,US,50
MCK US Equity,MCKESSON CORP,24748306432,27.24699974,0.922837019,US,35
4568 JP Equity,DAIICHI SANKYO CO LTD,24729485312,,1.985252023,JP,35
PXD US Equity,PIONEER NATURAL RESOURCES CO,24699957248,36.29930115,0.046282999,US,10
HMB SS Equity,HENNES & MAURITZ AB-B SHS,24687560704,30.26409912,4.94672823,SE,25
6301 JP Equity,KOMATSU LTD,24668628992,,2.368197918,JP,20
AENA SM Equity,AENA SME SA,24661057536,17.58499908,3.846153975,ES,20
XLF US Equity,FINANCIAL SELECT SECTOR SPDR,24582881280,18.67849922,,US,
APC US Equity,ANADARKO PETROLEUM CORP,24543350784,34.99150085,0.372855991,US,10
6752 JP Equity,PANASONIC CORP,24530534400,,1.972386956,JP,25
GLW US Equity,CORNING INC,24516225024,27.38750076,1.938105941,US,45
HO FP Equity,THALES SA,24434302976,21.28120041,1.947039962,FR,20
FTV US Equity,FORTIVE CORP,24389312512,24.33160019,0.387008011,US,20
12 HK Equity,HENDERSON LAND DEVELOPMENT,24344250368,21.39150047,3.320388079,HK,60
8802 JP Equity,MITSUBISHI ESTATE CO LTD,24328857600,,1.445649028,JP,60
ABN NA Equity,ABN AMRO GROUP NV-CVA,24235700224,20.58370018,5.390335083,NL,40
SPOT US Equity,SPOTIFY TECHNOLOGY SA,24211752960,46.86050034,,SE,50
BSV US Equity,VANGUARD SHORT-TERM BOND ETF,24183126016,,,US,
CMI US Equity,CUMMINS INC,24174110720,24.01869965,2.383378983,US,20
HEIO NA Equity,HEINEKEN HOLDING NV,24143302656,,1.782034039,NL,30
ABF LN Equity,ASSOCIATED BRITISH FOODS PLC,24142907392,23.91060066,2.012521982,GB,30
8801 JP Equity,MITSUI FUDOSAN CO LTD,24021764096,,1.549486995,JP,60
005380 KS Equity,HYUNDAI MOTOR CO,24006387712,32.07260132,2.564102888,KR,25
NXPI US Equity,NXP SEMICONDUCTORS NV,23873587200,33.61000061,0,NL,45
IFX GR Equity,INFINEON TECHNOLOGIES AG,23823341568,28.60650063,1.380720973,DE,45
4523 JP Equity,EISAI CO LTD,23787732992,,2.212063074,JP,35
XLNX US Equity,XILINX INC,23664621568,37.11399841,1.93798399,US,45
IR US Equity,INGERSOLL-RAND PLC,23610025984,23.23469925,1.906043053,US,20
KR US Equity,KROGER CO,23477577728,28.45089912,1.670075059,US,30
URW NA Equity,UNIBAIL-RODAMCO-WESTFIELD,23443998720,20.11389923,,FR,60
HRL US Equity,HORMEL FOODS CORP,23436675072,22.1364994,1.821714997,US,30
1320 JP Equity,DAIWA ETF - NIKKEI 225,23434653696,,,JP,
NESTE FH Equity,NESTE OYJ,23414353920,31.11510086,3.186503887,FI,10
VO US Equity,VANGUARD MID-CAP ETF,23323535360,13.80959988,,US,
UAL US Equity,UNITED CONTINENTAL HOLDINGS,23320229888,30.40060043,0,US,20
TROW US Equity,T ROWE PRICE GROUP INC,23249649664,24.89839935,2.172877073,US,40
MTB US Equity,M & T BANK CORP,23241830400,20.93099976,2.480262995,US,40
207940 KS Equity,SAMSUNG BIOLOGICS CO LTD,23238176768,,0,KR,35
VB US Equity,VANGUARD SMALL-CAP ETF,23197757440,16.09790039,,US,
CRH ID Equity,CRH PLC,23194308608,24.43899918,2.270071983,IE,15
VCSH US Equity,VANGUARD S/T CORP BOND ETF,23175927808,,,US,
4911 JP Equity,SHISEIDO CO LTD,23147692032,,0.504957974,JP,30
VEU US Equity,VANGUARD FTSE ALL-WORLD EX-U,23124805632,13.87839985,,US,
051910 KS Equity,LG CHEM LTD,23106945024,30.13920021,1.481480956,KR,15
EXPN LN Equity,EXPERIAN PLC,23038597120,18.08390045,2.07645607,GB,20
MT NA Equity,ARCELORMITTAL,23037136896,34.41270065,0.30677101,LU,15
DLR US Equity,DIGITAL REALTY TRUST INC,23018274816,23.93479919,3.266022921,US,60
4578 JP Equity,OTSUKA HOLDINGS CO LTD,22956197888,,2.021018982,JP,35
A US Equity,AGILENT TECHNOLOGIES INC,22912081920,24.39170074,0.919894993,US,35
LRCX US Equity,LAM RESEARCH CORP,22897223680,33.61470032,1.459645033,US,45
RCL US Equity,ROYAL CARIBBEAN CRUISES LTD,22853754880,30.03709984,1.810865045,US,25
IBKR US Equity,INTERACTIVE BROKERS GRO-CL A,22689308672,30.31710052,0.675562024,US,40
HSY US Equity,HERSHEY CO/THE,22688614400,18.53860092,2.244735956,US,30
GIVN SW Equity,GIVAUDAN-REG,22669891584,16.96380043,2.575488091,CH,15
WPL AU Equity,WOODSIDE PETROLEUM LTD,22647783424,21.72100067,3.792260885,AU,10
TCL AU Equity,TRANSURBAN GROUP,22642468864,14.53120041,4.553049088,AU,20
EOAN GR Equity,E.ON SE,22630076416,20.65920067,3.310893059,DE,55
DLTR US Equity,DOLLAR TREE INC,22526236672,28.74270058,0,US,25
CCEP US Equity,COCA-COLA EUROPEAN PARTNERS,22470920192,18.62630081,3.137485981,GB,30
068270 KS Equity,CELLTRION INC,22412134400,49.23149872,0,KR,35
VYM US Equity,VANGUARD HIGH DVD YIELD ETF,22360348672,13.98649979,,US,
WEC US Equity,WEC ENERGY GROUP INC,22358175744,16.05620003,3.13111496,US,55
CABK SM Equity,CAIXABANK SA,22344536064,27.45429993,1.79994905,ES,40
DFS US Equity,DISCOVER FINANCIAL SERVICES,22297974784,23.96559906,1.690068007,US,40
SEBA SS Equity,SKANDINAVISKA ENSKILDA BAN-A,22291052544,20.0890007,5.970923901,SE,40
TSN US Equity,TYSON FOODS INC-CL A,22289418240,25.37490082,2.141777039,US,30
1925 JP Equity,DAIWA HOUSE INDUSTRY CO LTD,22171383808,,2.609755993,JP,60
6273 JP Equity,SMC CORP,22166892544,,0.928721011,JP,20
7741 JP Equity,HOYA CORP,22125754368,,1.41376102,JP,35
SCHP SW Equity,SCHINDLER HOLDING-PART CERT,22113574912,22.15640068,1.78332603,CH,20
RR/ LN Equity,ROLLS-ROYCE HOLDINGS PLC,22065502208,26.2798996,0,GB,20
PCAR US Equity,PACCAR INC,22007429120,25.56579971,4.769274235,US,20
BF/B US Equity,BROWN-FORMAN CORP-CLASS B,22002010112,24.39660072,2.869379044,US,30
WDI GR Equity,WIRECARD AG,21943066624,37.77349854,0.171913996,DE,45
8035 JP Equity,TOKYO ELECTRON LTD,21929916416,,3.117661953,JP,45
SLF CN Equity,SUN LIFE FINANCIAL INC,21921394688,17.65320015,3.363531113,CA,40
UG FP Equity,PEUGEOT SA,21838706688,29.89109993,3.125921965,FR,25
VUSA LN Equity,VANG S&P500 USDD,21812287488,,,IE,
GWO CN Equity,GREAT-WEST LIFECO INC,21786349568,15.14389992,4.182335854,CA,40
VTR US Equity,VENTAS INC,21758791680,17.88159943,5.190802097,US,60
SHBA SS Equity,SVENSKA HANDELSBANKEN-A SHS,21727903744,18.78359985,4.90196085,SE,40
AKZA NA Equity,AKZO NOBEL,21703815168,22.85140038,3.423719883,NL,15
HLT US Equity,HILTON WORLDWIDE HOLDINGS IN,21673334784,26.73900032,0.751314998,US,25
PPL US Equity,PPL CORP,21641439232,18.70190048,5.105008125,US,55
IMO CN Equity,IMPERIAL OIL LTD,21599145984,26.11490059,1.605913997,CA,10
TEAM US Equity,ATLASSIAN CORP PLC-CLASS A,21592750080,47.86949921,0,AU,45
4543 JP Equity,TERUMO CORP,21587484672,,0.894454002,JP,35
FME GR Equity,FRESENIUS MEDICAL CARE AG &,21547808768,31.22109985,1.207563996,DE,35
4901 JP Equity,FUJIFILM HOLDINGS CORP,21545099264,,1.766783953,JP,45
TIP US Equity,ISHARES TIPS BOND ETF,21509038080,4.043799877,,US,
PH US Equity,PARKER HANNIFIN CORP,21505366016,25.9314003,1.758100986,US,20
ZBH US Equity,ZIMMER BIOMET HOLDINGS INC,21486864384,24.3071003,0.795557976,US,35
1972 HK Equity,SWIRE PROPERTIES LTD,21472268288,,3.055556059,HK,60
ES US Equity,EVERSOURCE ENERGY,21443661824,14.08030033,3.007281065,US,55
FDC US Equity,FIRST DATA CORP- CLASS A,21432012800,22.52020073,0,US,45
RACE US Equity,FERRARI NV,21371707392,32.66680145,0.814157009,IT,25
ADYEN NA Equity,ADYEN NV,21348808704,49.4756012,,NL,45
IVW US Equity,ISHARES S&P 500 GROWTH ETF,21305339904,19.3980999,,US,
BA/ LN Equity,BAE SYSTEMS PLC,21285543936,20.94199944,3.804538012,GB,20
AZO US Equity,AUTOZONE INC,21281191936,27.56279945,0,US,25
AV/ LN Equity,AVIVA PLC,21161670656,21.11860085,5.409674168,GB,40
823 HK Equity,LINK REIT,21156657152,19.80789948,3.728060007,HK,60
1301 TT Equity,FORMOSA PLASTICS CORP,21105883136,21.91580009,5.775075912,TW,15
2503 JP Equity,KIRIN HOLDINGS CO LTD,21042477056,,1.619433045,JP,30
WCN CN Equity,WASTE CONNECTIONS INC,21037905920,17.68899918,0.702500999,US,20
SHV US Equity,ISHARES SHORT TREASURY BOND,20880719872,,,US,
ABX CN Equity,BARRICK GOLD CORP,20844877824,33.54700089,0.826865017,CA,15
LONN SW Equity,LONZA GROUP AG-REG,20768266240,27.56459999,1.044435978,CH,35
AMD US Equity,ADVANCED MICRO DEVICES,20757688320,58.81600189,0,US,45
8591 JP Equity,ORIX CORP,20726478848,,3.517185926,JP,40
ASSAB SS Equity,ASSA ABLOY AB-B,20713578496,20.60099983,1.936619997,SE,20
1038 HK Equity,CK INFRASTRUCTURE HOLDINGS L,20708407296,,3.544303894,HK,55
DIA US Equity,SPDR DJIA TRUST,20688674816,16.84420013,,US,
SWK US Equity,STANLEY BLACK & DECKER INC,20677105664,25.86630058,1.426130056,US,20
005490 KS Equity,POSCO,20671352832,30.05559921,2.406014919,KR,15
SHY US Equity,ISHARES 1-3 YEAR TREASURY BO,20651087872,2.50909996,,US,
K US Equity,KELLOGG CO,20623466496,22.49090004,3.11856389,US,30
WLTW US Equity,WILLIS TOWERS WATSON PLC,20616052736,22.09049988,1.40686202,GB,40
USMV US Equity,ISHARES EDGE MSCI MIN VOL US,20596312064,13.27110004,,US,
6971 JP Equity,KYOCERA CORP,20585134080,,1.998667955,JP,45
T CN Equity,TELUS CORP,20580947968,14.0369997,4.136917114,CA,50
DTE US Equity,DTE ENERGY COMPANY,20553889792,15.5298996,3.069613934,US,55
HPE US Equity,HEWLETT PACKARD ENTERPRISE,20532598784,30.59560013,3.196721077,US,45
INFO US Equity,IHS MARKIT LTD,20507744256,21.91950035,0,GB,20
1326 TT Equity,FORMOSA CHEMICALS & FIBRE,20475758592,23.43840027,6.796116829,TW,15
VCIT US Equity,VANGUARD INT-TERM CORPORATE,20473460736,4.229300022,,US,
LSE LN Equity,LONDON STOCK EXCHANGE GROUP,20294457344,20.25629997,1.360401034,GB,40
NTRS US Equity,NORTHERN TRUST CORP,20182401024,23.85309982,1.601762056,US,40
LULU US Equity,LULULEMON ATHLETICA INC,20134676480,40.11449814,0,CA,25
TELIA SS Equity,TELIA CO AB,20116822016,19.39669991,6.292749882,SE,50
